variable,Type,n,percentage
cons_type,f2f,8016,38.82404223373856
cons_type,telemed,10046,48.65597907686347
cons_type,video,921,4.460696469220711
cons_type,NA,1664,8.059282220177264
