variable,Type,n,percentage
encounter_type,dna,400,1.9373274567733811
encounter_type,fu,13802,66.84748389596552
encounter_type,injection,1,0.004843318641933453
encounter_type,new,5007,24.2504964401608
encounter_type,rdu,1,0.004843318641933453
encounter_type,reref,163,0.7894609386351528
encounter_type,shockwave,3,0.014529955925800359
encounter_type,telephone,3,0.014529955925800359
encounter_type,NA,1267,6.136484719329684
