variable,Type,n,percentage
form,asbasdai,44,0.21310602024507191
form,psa,43,0.20826270160313848
form,ra,87,0.4213687218482104
form,sle,6,0.029059911851600718
form,vasc,42,0.20341938296120501
form,NA,20425,98.92478326149077
