variable,n,Y/N,percentage
procedures,6044,FALSE,29.27301787184579
procedures,2007,TRUE,9.72054051436044
procedures,12596,NA,61.00644161379377
