variable,n,Y/N,percentage
injections,1525,FALSE,7.386060928948515
injections,436,TRUE,2.1116869278829853
injections,18686,NA,90.5022521431685
