variable,n,Y/N,percentage
antimalarial,9196,FALSE,44.539158231220036
antimalarial,532,TRUE,2.576645517508597
antimalarial,10919,NA,52.884196251271376
