variable,n,Y/N,percentage
avoid,848,FALSE,4.107134208359568
avoid,8525,TRUE,41.28929142248269
avoid,11274,NA,54.60357436915775
