variable,Type,n,percentage
fu,discharge,4031,19.523417445633747
fu,f2f,6465,31.31205502009977
fu,form,252,1.2205162977672301
fu,tele,8372,40.54826367026686
fu,video,1516,7.342471061171114
fu,NA,11,0.05327650506126798
