variable,n,Factor,percentage
fu_group,1154,<1 month,5.589189712791205
fu_group,4209,1-3 months,20.385528163897902
fu_group,6344,3-6 months,30.726013464425822
fu_group,4156,6-12 months,20.128832275875432
fu_group,544,>12 months,2.6347653412117986
fu_group,4240,NA,20.53567104179784
