variable,n,Y/N,percentage
rx_start,10314,FALSE,49.953988472901635
rx_start,698,TRUE,3.38063641206955
rx_start,9635,NA,46.665375115028816
