variable,n,Y/N,percentage
ultrasound,1049,FALSE,5.080641255388192
ultrasound,942,TRUE,4.562406160701313
ultrasound,18656,NA,90.3569525839105
